query,tweet_id,created_at,text,like_count,retweet_count
anyone else app lang:en -is:retweet,2039779253307179428,2026-04-02T18:57:25.000Z,@TraderLi When I went to the app my computer melted down.  Anyone else.?,0,0
anyone else app lang:en -is:retweet,2039772315244797963,2026-04-02T18:29:51.000Z,user experience design is just a euphemism for 'making sure the thing doesn't drive me too far to therapy' anyone else have a love-hate relationship with their favorite productivity app?,0,0
anyone else app lang:en -is:retweet,2039771597167321130,2026-04-02T18:27:00.000Z,"@DailyLoud yall saying she only did it bc he was live-streaming like no shit dimwits, how else would anyone know stole the fucking money. yall prove everyday majority of the people on this app uses less than 10% of the brain only a daily basis.",2,0
anyone else app lang:en -is:retweet,2039767311079313440,2026-04-02T18:09:58.000Z,"@TessieApp Undocumented but the tron lock sound is now back to  nearer how it was before. 
Was muted on last update. 
Can hear it now 💚

Just the app that needs an update. Anyone else got a white model s appearing when flicking between products ?",0,0
anyone else app lang:en -is:retweet,2039761502773600674,2026-04-02T17:46:53.000Z,@Aameridoll ay on the real though because i dont think anyone else is gonna tell you this so i will; you need to wash your ass like genuinely. you been on this app typing for hours my nigga and you most likely smell like shit. get up and wash your ass now,1,0
anyone else app lang:en -is:retweet,2039760258021626341,2026-04-02T17:41:57.000Z,"Does anyone else find this change frustrating on @Apple latest update. 

App update within the AppStore. For years I’ve pulled down the top, to have the app updates appear. Now you need to go to the update section. The amount of times I’ve pulled down and end up closing the menu. https://t.co/EnevedHxtW",0,0
anyone else app lang:en -is:retweet,2039756151777030375,2026-04-02T17:25:38.000Z,Is anyone else having issues where the X mobile app feed does not refresh?,0,0
anyone else app lang:en -is:retweet,2039751189789557242,2026-04-02T17:05:55.000Z,@Barclaycard  Is anyone else in UK having problems with the Barclaycard App when trying to make payment? The page you are directed to for payments allows you to enter your payment details then nothing. Goes to a blank page which does nothing. Unable to make payment.,0,0
anyone else app lang:en -is:retweet,2039745452875141552,2026-04-02T16:43:07.000Z,"My first prompt in the Cursor app always takes over 30 minutes to process. Does anyone else have a similar experience? This is becoming annoying💯

@cursor_ai kindly look into this issue. https://t.co/UodbnOy3Ng",0,0
anyone else app lang:en -is:retweet,2039743236114415932,2026-04-02T16:34:18.000Z,Just got a VR fitness app  Working out feels like a game. Anyone else tried th🧳is? FitnessTech https://t.co/TpfTV17HIw,0,0
anyone else app lang:en -is:retweet,2039742780864639201,2026-04-02T16:32:30.000Z,"Why does this only happen with this app 😭

Does this happen to anyone else too? https://t.co/VcXkRFOxmH",18,0
anyone else app lang:en -is:retweet,2039740609779433692,2026-04-02T16:23:52.000Z,"Something going on with @MyDoge  wallet.

Missing several of my last tip transactions..

Deleted and reloaded account still nothing...

Anyone else having issues?
 Tried to access support from app but it doesn't open.

@doge100percent 
@MyDoge @MyDogeTip",2,0
anyone else app lang:en -is:retweet,2039737271973286100,2026-04-02T16:10:36.000Z,Anyone else having trouble  with the @screwfix app ?,0,0
anyone else app lang:en -is:retweet,2039734732624372097,2026-04-02T16:00:31.000Z,"Some of y'all need to get off this app and touch some grass. Idols are humans too. They should be afforded the same humanity as anyone else, rather than being treated as subjects for psychological analysis. Stop projecting and don't make your own issues their problem 🙄",5,0
anyone else app lang:en -is:retweet,2039733465206198454,2026-04-02T15:55:29.000Z,"That you don't find someone's post/content appealing doesn't mean anyone else wouldn't..and vice versa. 
Make una dey rest for this app.",0,0
anyone else app lang:en -is:retweet,2039729756245995665,2026-04-02T15:40:44.000Z,"Idk wtf Elon and the Twitter team did by this fucking app keeps randomly crashing on me.

Anyone else having random crashes too?

#ThisXappSucks
#ForeverTwitter",0,0
anyone else app lang:en -is:retweet,2039724932288946578,2026-04-02T15:21:34.000Z,"Has the audio been extremely choppy on the website/ app for anyone else, the past couple days? #fishtanklive",0,0
anyone else app lang:en -is:retweet,2039724652189090199,2026-04-02T15:20:27.000Z,"@Chris_B_LGRW @FireUpPool2 It’s ridiculous what Elon has done to this app, ban you or anyone else for saying something yet I see awful videos that I can’t unsee on this app 😡😡",0,0
anyone else app lang:en -is:retweet,2039723282207801386,2026-04-02T15:15:01.000Z,"@VeganSupremeTM @edgyanimecats I never said anyone owed me anything. But if ur gonna reply to my comment, at least defend what u say. And im not on this app to be grating. Im genuinely trying to see if there is a suitiable, logical argument for why eating animals is wrong. So are u gonna give me that? Else idc",0,0
anyone else app lang:en -is:retweet,2039718933419184582,2026-04-02T14:57:44.000Z,is this app broken for anyone else?,0,0
anyone else app lang:en -is:retweet,2039718146173555021,2026-04-02T14:54:36.000Z,"@VickyEu5 You just called out half of us on this app! 😂
​That feeling is the worst because you can't even ""vawulence"" anyone else, the call is coming from inside the house.",0,0
anyone else app lang:en -is:retweet,2039717119441416694,2026-04-02T14:50:32.000Z,"Hi @OpenAI 👋
Voice dictation is currently broken across platforms (web, desktop, mobile).
Audio records fine, but when sending → it loads, then disappears.

Tested on:
• Chrome (normal + incognito)
• Desktop app
• Mobile app

Anyone else experiencing this?",0,0
anyone else app lang:en -is:retweet,2039710849703559658,2026-04-02T14:25:37.000Z,//Is this app being mean to anyone else or is it just me?,0,0
anyone else app lang:en -is:retweet,2039709627043209248,2026-04-02T14:20:45.000Z,@RahulGandhi Yehi reason hai jawani se bhudapa agya app PM nhi banee aur na banenge.. just project anyone else from your Party as PM face and see the magic.. modi can easily be beaten but not as cost of you being a PM,6,2
anyone else app lang:en -is:retweet,2039705687832313884,2026-04-02T14:05:06.000Z,Anyone else on Android having random issues of Pokemon GO just freezing making you have to restart the app? Wasn't until the recent update that this started happening. I know IOS had this issue recently too.,0,0
anyone else app lang:en -is:retweet,2039704591999152448,2026-04-02T14:00:45.000Z,Twitter app nearly unusable for anyone else or just me?,3,0
anyone else app lang:en -is:retweet,2039699915312681440,2026-04-02T13:42:10.000Z,"Anyone else facing this issue of developer mode while opening railone app

Has anyone made patch for it yet? https://t.co/cgQGMBVoOm",0,0
anyone else app lang:en -is:retweet,2039698314174849524,2026-04-02T13:35:48.000Z,Blockchain unicorns assemble! Just found a gem of an app that turns your virtual collectibles into actual physical trinkets - I'm adding 'digital souvenirs' to my wishlist for next year Anyone else feeling like their blockchain portfolio is just,0,0
anyone else app lang:en -is:retweet,2039695926659359044,2026-04-02T13:26:19.000Z,"this post hit me hard lol

my food scanner app is literally in the same category they mention.

i have to try this lazy tiktok ads or at least meta ads approach soon.

anyone else thinking the same? https://t.co/llwAYaDDFg",5,0
anyone else app lang:en -is:retweet,2039695278584811799,2026-04-02T13:23:44.000Z,Anyone else in the mood to start some shit on this app?,0,0
anyone else app lang:en -is:retweet,2039694256101560636,2026-04-02T13:19:40.000Z,does anyone else actually use the weather app?,0,0
anyone else app lang:en -is:retweet,2039679804358709355,2026-04-02T12:22:15.000Z,"X on mobile has been awful. Posts do not post, messages do not show up, and nothing seems to fix it. 
I have updated the app, cleared the cache, and reinstalled it. 
Meanwhile, it works perfectly on PC. Is anyone else dealing with this?",0,0
anyone else app lang:en -is:retweet,2039678289447371083,2026-04-02T12:16:14.000Z,Is anyone else having trouble with the new MLB app? It won’t restore my purchase and now has ads before every replay video. 😡,0,0
anyone else app lang:en -is:retweet,2039676125685698818,2026-04-02T12:07:38.000Z,Is the for you tab not working for anyone else or is my app just bugging out,1,0
anyone else app lang:en -is:retweet,2039661280827482184,2026-04-02T11:08:39.000Z,"My VC-backed startup of 6 years is starting to feel like work.

My solo app I built myself? I'm waking up at 6am excited to open Xcode and get cooking.

There's something about building 0-1 that nothing else replicates.

Is anyone else like this?",0,0
anyone else app lang:en -is:retweet,2039660822750724214,2026-04-02T11:06:49.000Z,"@zwai_ndimba Thats classic Sizwe mentality on this app,he is rich and clever and knows much more better than anyone else on this app and everyone here is poor, stupid or has no knowledge because they are poor.",0,0
anyone else app lang:en -is:retweet,2039657575189262453,2026-04-02T10:53:55.000Z,Anyone else having issues on the YouTube mobile app where the blue dot doesn’t go away after clicking on the profile picture of a channel that you’re subscribed to? https://t.co/SxFjYObaVz,1,0
anyone else app lang:en -is:retweet,2039651434774303162,2026-04-02T10:29:31.000Z,"🚨Anyone else still dealing with this?

Seems the app isn’t working, at least posting, regardless of whether or not someone’s trying to copy &amp; post a link. Everything is given the option to go straight to Drafts &amp; that’s it, even after an update this morning.

Posting using X via",1,0
anyone else app lang:en -is:retweet,2039642506791698689,2026-04-02T09:54:03.000Z,"youtube shorts recording on the youtube app has major bugs when recording in 3x speed

anyone else experiencing this?",3,0
anyone else app lang:en -is:retweet,2039640594168131990,2026-04-02T09:46:26.000Z,"🚨 Galaxy Store Issue on Galaxy S26 Ultra?

My Galaxy Store updates are paused for no reason.

Getting update notifications via Good Lock app (Home Up)…
But nothing shows up in Galaxy Store.

Even QuickStar update isn’t available in both places.

This is weird 🤔

Anyone else https://t.co/2S4HDMPjEY",19,0
anyone else app lang:en -is:retweet,2039637871662190737,2026-04-02T09:35:37.000Z,@khiapitano What gets me about ladstwt is that they always think theyre so special to the characters &amp; that they specifically choose them &amp; 'would rather eat a carrot than be someone else' when ... zayne himself would fuck anyone as long as they had the app like what r we talking about bro,4,0
anyone else app lang:en -is:retweet,2039637508812607631,2026-04-02T09:34:11.000Z,@LiedonAlbum @grok @_azrizulkipli @mirajyonce @stallireup @YhwachQuin62461 @JALENPRNTT you literally under every female rapper post replying to anyone cause you want those likes &amp; retweets lol the reverse bs can work on somebody else prolly another person who pays to use the app just to get .10 cents a week,3,0
anyone else app lang:en -is:retweet,2039629189393916377,2026-04-02T09:01:07.000Z,Is anyone else having problems with the @bigfinish app. Can't see any of my purchases after reinstalling. https://t.co/H516X9uyBZ,0,0
anyone else app lang:en -is:retweet,2039622385729417659,2026-04-02T08:34:05.000Z,"@Justin09343025 @TSN_Sports He’s a great player, still has more clips of nothing than anyone else on the app. 29 secondary assists is 5 in the league also. Suzuki is inflating everyone on the team, he’s been insane this year",0,0
anyone else app lang:en -is:retweet,2039619801430044722,2026-04-02T08:23:49.000Z,Just spent way too long trying to figure out a feature in this new app. Why is the learning curve always so steep? Anyone else struggling with this?,0,0
anyone else app lang:en -is:retweet,2039619383530582274,2026-04-02T08:22:09.000Z,does anyone else just use google + calculator to calculate cals??? or do y'all just use a cal tracking app 💔,0,0
anyone else app lang:en -is:retweet,2039619109529235644,2026-04-02T08:21:04.000Z,Anyone else having problems seeing their feed or is it just me.. I swear if it's not one thing it's another on this retarted app.,0,0
anyone else app lang:en -is:retweet,2039617798830207199,2026-04-02T08:15:52.000Z,Is the app crashing for anyone else ?,1,0
anyone else app lang:en -is:retweet,2039617798830207199,2026-04-02T08:15:52.000Z,Is the app crashing for anyone else ?,1,0
anyone else app lang:en -is:retweet,2039612027031765059,2026-04-02T07:52:56.000Z,Good morning all . Is anyone else having problems with the X app ?,0,0
anyone else app lang:en -is:retweet,2039611506325696575,2026-04-02T07:50:51.000Z,"The kind of empty talk that passes for ‘woke-ism’ on this app is unmatched anywhere else. How can anyone say that because there’s a tomato(Agric) and water(Water resource) crisis, an AI center shouldn’t be built by the Communications Ministry? What sort of thinking informs this?",0,0
anyone else app lang:en -is:retweet,2039602815753207966,2026-04-02T07:16:19.000Z,Tried a🌂 new escape game app  Puzzles are so fun. Anyone else into digital escapes? EscapeGames,0,0
anyone else app lang:en -is:retweet,2039601503166665208,2026-04-02T07:11:06.000Z,Tried a new meditation app  So calming.🍁 Anyone else into mindfulness? MentalHealth https://t.co/Q50VdWzrkZ,0,0
anyone else app lang:en -is:retweet,2039601416952803437,2026-04-02T07:10:46.000Z,Just got a VR fitne👑ss app  Working out feels like a game. Anyone else tried this? FitnessTech,0,0
anyone else app lang:en -is:retweet,2039600447867244901,2026-04-02T07:06:55.000Z,Tried a new escape game app  So addictive! Anyone else into digital escapes? EscapeGam🍬es https://t.co/eYuc66vZwT,0,0
anyone else app lang:en -is:retweet,2039594707718939104,2026-04-02T06:44:06.000Z,Tried a new escape game app  Puzzles a🌐re so fun. Anyone else into digital escapes? EscapeGames,0,0
anyone else app lang:en -is:retweet,2039594648084320568,2026-04-02T06:43:52.000Z,Just got a VR fitness app  Worki🍂ng out feels like a game. Anyone else tried this? FitnessTech https://t.co/7WXwUMszUl,0,0
anyone else app lang:en -is:retweet,2039587267249864732,2026-04-02T06:14:32.000Z,"Is @instagram glitching for anyone else? I go to post something and it takes forever to load, stories are glitching, post freezing…wth is going on?! App updated yesterday &amp; ever since it won’t work 😭",1,0
anyone else app lang:en -is:retweet,2039583976126349610,2026-04-02T06:01:28.000Z,Anyone else having issues trying to transfer money on the @VirginMoney app? Keeps timing out for me without completing the transaction!,0,0
anyone else app lang:en -is:retweet,2039577135581450352,2026-04-02T05:34:17.000Z,"behind every great app, a silent ninja tweaks server-side secrets Anyone else having a quiet revolution? #code ninjas",0,0
anyone else app lang:en -is:retweet,2039576943402856785,2026-04-02T05:33:31.000Z,"Behind every great app lies a secret society of code ninjas, fueled by caffeine and an endless quest for pixel perfection Anyone else lost in the digital dreamworld?",0,0
anyone else app lang:en -is:retweet,2039575831312580717,2026-04-02T05:29:06.000Z,Tried a new med🍀itation app  So calming. Anyone else into mindfulness? MentalHealth https://t.co/HPKbVPxZJQ,1,0
anyone else app lang:en -is:retweet,2039563770305896870,2026-04-02T04:41:10.000Z,Anyone else think this app fucking blows right now,0,0
anyone else app lang:en -is:retweet,2039562977775607941,2026-04-02T04:38:01.000Z,Does anyone else have ghost message requests. Like the app says you have a message request but nothing is actually there,1,0
anyone else app lang:en -is:retweet,2039556787725299852,2026-04-02T04:13:25.000Z,Code for a world where updates happen in sync with our caffeine highs Anyone else still waiting for their app to 'catch up'? #infrastructureforthewin,0,0
anyone else app lang:en -is:retweet,2039553473633796205,2026-04-02T04:00:15.000Z,@Efeso1001 I’ll trust Steve Kerr opinion of Podz over anyone else who is on this app. Yall don’t know ball. Ya just hate.,0,0
anyone else app lang:en -is:retweet,2039549669571739710,2026-04-02T03:45:08.000Z,"Anyone else have an issue with the Seeker rings not being updated, it's been like this most of the day..

When I do the @MoonwalkFndn challenges, I can't use the app to keep track it lags like half a day too

Any suggestions, I've been using a bunch of apps... @solanamobile https://t.co/VlgKUxx72w",15,0
anyone else app lang:en -is:retweet,2039548339352461347,2026-04-02T03:39:51.000Z,/ is anyone else being presented drafts to already-made tweets every time you open the app?,0,0
anyone else app lang:en -is:retweet,2039528593664159801,2026-04-02T02:21:23.000Z,"I'm curious whether anyone else ever gets this issue when building an Expo / React Native Android app:

&gt; Cannot convert '' to File.

It's the most common build-time bug I run into. I've found a solution, but I'd like to know how widespread the problem is, too. https://t.co/bFmQuKikW0",4,0
anyone else app lang:en -is:retweet,2039528377300685199,2026-04-02T02:20:32.000Z,@CBSFantasy the fantasy baseball app seems to be way off with points. The browser is accurate but the app isn't adding points for some players. Any guidance here? Anyone else dealing with this?,0,0
anyone else app lang:en -is:retweet,2039518931862307241,2026-04-02T01:43:00.000Z,Are polls messed up for anyone else after updating the app? The options are almost always out of order :(,0,0
anyone else app lang:en -is:retweet,2039518344269774889,2026-04-02T01:40:40.000Z,"@SantaSurfing I downloaded the app to my tablet &amp; forgot to watch POTUS there! I totally sensed ""Easter is our timeline"" 2020 speech vibes. This was about the whole Q movement, not just Iran. Anyone else feel that?!!",6,0
anyone else app lang:en -is:retweet,2039511802061496730,2026-04-02T01:14:40.000Z,"And if improving my mental health means naming my digital baby bird pet after my blorbo THEN SO BE IT 
(If anyone else uses this app, let’s be friends pleaseeee) https://t.co/hL13fpGKuI",6,0
anyone else app lang:en -is:retweet,2039511392663879840,2026-04-02T01:13:02.000Z,Anyone else having twitter glitch where it pulls up the last tweet you made like it was never posted. Everyday I open this app and it somehow manages to get worse https://t.co/vF9jP3Ck3o,0,0
anyone else app lang:en -is:retweet,2039500191041278145,2026-04-02T00:28:32.000Z,does anyone else have a visceral reaftion when they hear the word calories outside of this app,2,0
anyone else app lang:en -is:retweet,2039496495062241308,2026-04-02T00:13:51.000Z,Is anyone else so scared to repost a video without carefully watching till the end because what if at the last second there's gonna be spinning swastikas everywhere and a Hitler fanart and I don't know that then I wake up to being cancelled with -200 followers on every app,20,3
anyone else app lang:en -is:retweet,2039491106816266316,2026-04-01T23:52:26.000Z,"Every time I open this app, I get this anyone else?? https://t.co/0OB2xfKkfG",4,0
anyone else app lang:en -is:retweet,2039483706105045214,2026-04-01T23:23:01.000Z,"@WWE @PerfectAaron1 @Tubi Got the app pulled up and ready to go. Is anyone else feeling like we might see a title change?

I haven't watched WWE in a long time",1,0
anyone else app lang:en -is:retweet,2039482133098406265,2026-04-01T23:16:46.000Z,"@lainlainlain677 @skz_delight Might be, see if u have to update ur app bcus I found ur tweet by searching to see if this has occurred for anyone else",0,0
anyone else app lang:en -is:retweet,2039476302076383516,2026-04-01T22:53:36.000Z,Here’s what is factual.  There is no one on this app that is in a position to “parent me” or anyone else.  So please don’t come into my mentions &amp; think you’re going to chastise me. Pushing your own opinion on me &amp; then become a full on hypocrite saying I can’t do the same. https://t.co/PtZ455jTQS,19,0
anyone else app lang:en -is:retweet,2039476124850299278,2026-04-01T22:52:54.000Z,is anyone else having problems with @axs today? all I did was log in.... and now it won't let me access the app. it also won't let me submit a help form. it just errors out 😐 https://t.co/arQAXg3jTp,2,0
anyone else app lang:en -is:retweet,2039473380202594569,2026-04-01T22:42:00.000Z,"Totally cracks me up the Trumpers on this app who say they wouldn't vote for DeSantis because ""Desimps"" were mean to them. Trumpers were the worst at calling anyone not supporting him in the primaries traitors, Dems, Commies, etc. There's definitely something else at work there.",2,0
anyone else app lang:en -is:retweet,2039470768837329181,2026-04-01T22:31:37.000Z,@telegram anyone else getting blocked by this app for “violating terms” when all you’ve done is sign up?,1,0
anyone else app lang:en -is:retweet,2039460678692384875,2026-04-01T21:51:31.000Z,"Anyone else having problems with the app ? 
Just won't load for me .",1,0
anyone else app lang:en -is:retweet,2039460540766900655,2026-04-01T21:50:58.000Z,Is this app really choppy and slow for anyone else today?,0,0
anyone else app lang:en -is:retweet,2039456675770585157,2026-04-01T21:35:37.000Z,What’s going on with X ? Every time I try to join a Space the app just freezes and hangs on its own. Anyone else facing this issue?,1,1
anyone else app lang:en -is:retweet,2039456481787937081,2026-04-01T21:34:51.000Z,ughhh i can’t follow anyone else back rn i PROMISE i will as soon as this stupid app lets me again i’m not ignoring anyone😭 https://t.co/GHUmrwOWxl,6,0
anyone else app lang:en -is:retweet,2039451087426486609,2026-04-01T21:13:25.000Z,Is it just me or does anyone else just open and close this app all day checking dms to get triggered?  https://t.co/RT1EhLc6in,11,4
anyone else app lang:en -is:retweet,2039450342761627759,2026-04-01T21:10:27.000Z,"Anyone else have an issue with the ESPN app where you get a push notification for a story, you click it, and it opens a completely unrelated story instead?",0,0
anyone else app lang:en -is:retweet,2039443041044328495,2026-04-01T20:41:26.000Z,"Meezan Bank app acting up on my mobile ,Is it just me or are we all in the same boat? 

Anyone else facing issues? #MeezanBank #BankingTroubles""",0,0
anyone else app lang:en -is:retweet,2039440703953285126,2026-04-01T20:32:09.000Z,Anyone else app moving like a snail ??,1,0
anyone else app lang:en -is:retweet,2039440050329731259,2026-04-01T20:29:33.000Z,Has this app been acting weird for anyone else?,0,0
anyone else app lang:en -is:retweet,2039439940308828356,2026-04-01T20:29:07.000Z,"@apoorv03 Also $NVDA knows who is winning at the app layer before anyone else does and will be able to buy-in early, becoming an ETF. 

Then there's the layers below NVDA too, like absolute monopoly $TSM. They win even if $AMD, $INTC, $AAPL or someone else can compete with $NVDA. There's",5,1
anyone else app lang:en -is:retweet,2039438572810366989,2026-04-01T20:23:41.000Z,is the app bugging for anyone else?,0,0
anyone else app lang:en -is:retweet,2039436920980177284,2026-04-01T20:17:07.000Z,is this app being slow for anyone else rn or is my internet just BOOTY CHEEKS?,3,0
anyone else app lang:en -is:retweet,2039436807536886234,2026-04-01T20:16:40.000Z,is this app broken for anyone else or is mine just going crazy the way discord has been for me lately,1,0
anyone else app lang:en -is:retweet,2039432494106185818,2026-04-01T19:59:32.000Z,X is basically a mobile only app. Anyone else do this?,0,0
anyone else app lang:en -is:retweet,2039432494106185818,2026-04-01T19:59:32.000Z,X is basically a mobile only app. Anyone else do this?,0,0
anyone else app lang:en -is:retweet,2039429822607495585,2026-04-01T19:48:55.000Z,@MLBTV @RedSox @BlueJays ANYONE ELSE HAVING AUDIO ISSUE WITH YOUR MLBTV APP. MY AUDIO KEEPS GOING UP AND DOWN AND IT DRIVES ME CRAZY. THESE MFERS WON'T GIVE ME MY MONEY BACK OR FIX IT,0,0
anyone else app lang:en -is:retweet,2039428035137732770,2026-04-01T19:41:48.000Z,"Filmed this so that anyone can see my trade is all done live
https://t.co/rvjGbXGVdD

You see my position + gain % + date + time all on the broker app.

I make these so that anyone can see why I buy when H% is low. Nothing else. The name of the ticker will be revealed in the",0,0
anyone else app lang:en -is:retweet,2039425576369348923,2026-04-01T19:32:02.000Z,@AbsoluteGlow_ i know you more than anyone else on this app,0,0
anyone else app lang:en -is:retweet,2039424586656162075,2026-04-01T19:28:06.000Z,"I've been building a fintech app alone in my spare time for some time now.
No funding. No team. No safety net.
Today I'm opening 20 spots for the people who believe in it before anyone else does 🧵

#buildinpublic",0,0
anyone else app lang:en -is:retweet,2039422117700374902,2026-04-01T19:18:18.000Z,"Why is the app resetting and glitching my phone super hard? Why is the main screen disappearing and reappearing???!

Why is my device acting like it’s got a virus???🦠 

Anyone else experiencing these issues???",0,0
anyone else app lang:en -is:retweet,2039421748727173619,2026-04-01T19:16:50.000Z,are twitter notifs not working properly for anyone else? i don’t get actual notifs a lot of the time until i open the app and see them and then it’s only showing me some of them,0,0
anyone else app lang:en -is:retweet,2039415499335880982,2026-04-01T18:52:00.000Z,"I’m even trying to copy video link on this app and it’s not working 

Anyone else facing this same issue ?",1,1
anyone else app lang:en -is:retweet,2039415343681048960,2026-04-01T18:51:23.000Z,"X App on Android 🚩 Anyone else experiencing lag or freezing issues?
 #XApp #Android",5,2
anyone else app lang:en -is:retweet,2039413501362319416,2026-04-01T18:44:03.000Z,@eolhc69_ youve been dragging him more than anyone else on this app https://t.co/WNzQnwVIel,1,0
anyone else app lang:en -is:retweet,2039401459989545025,2026-04-01T17:56:12.000Z,"okay so im probably a big fat fake but I eat the same little omad everyday and ik the exact cals in it so I dont weigh or log cals in an app (only in my mind). does anyone else do this or is it just me, like should there be anything I should be paranoid about",16,0
anyone else app lang:en -is:retweet,2039397659740381561,2026-04-01T17:41:06.000Z,"Anyone else having problems trying to log into @virginmedia shitty app and shitty online account?! Been going on for over a week now. 
Constant loop back from clicking sign in to re verifying email. 
Then signing in and looping back to sign in page. 
Tried 4 browsers/4 devices",2,0
anyone else app lang:en -is:retweet,2039395417645822316,2026-04-01T17:32:12.000Z,"Not sure about anyone else, but now more than ever, I find it hard to believe ANYTHING on this app. 

All quotes are fake, images and videos are AI slop. 

Genuinely a waste.",1,0
anyone else app lang:en -is:retweet,2039392148622356621,2026-04-01T17:19:12.000Z,"@Hockey9ffkfk @Shockey_Stan @RichardCranny69 If you look at Dua Lipa and think “yeah, that looks like a guy”, you’re hoping to see a guy when you look at an attractive female and that makes you objectively gayer than anyone else on this app.",0,0
anyone else app lang:en -is:retweet,2039387295665557948,2026-04-01T16:59:55.000Z,anyone else get that thing where after you like a few posts people's names start disappearing and then if you check your notifications the app breaks,0,0
anyone else app lang:en -is:retweet,2039384017020010886,2026-04-01T16:46:54.000Z,does anyone else have their app layout like this or am i weird https://t.co/ZZhs67tvXD,22,0
anyone else app lang:en -is:retweet,2039383289010823409,2026-04-01T16:44:00.000Z,"Does anyone else remember the #Blackmail phone app? 

It lasted a couple years before it was deemed illegal. 

So fun!",11,1
anyone else app lang:en -is:retweet,2039383030788149683,2026-04-01T16:42:59.000Z,"@therealburns3 I don’t know if anyone else has this problem, but the app on my FireTV Stick glitches and pauses every 5-10 seconds, making it difficult to watch on my TV.",1,0
anyone else app lang:en -is:retweet,2039382225083670652,2026-04-01T16:39:47.000Z,"Bad news guys... I think my Pi app is broken💔

It’s showing a 2nd Migration of 1807 Pi into my Mainnet wallet. This has to be an April Fool's prank, right? 🤡

Wait... I just checked the blockchain... IT’S REAL🕺

Anyone else got today??

 Thanks @PiCoreTeam #PiNetwork https://t.co/P3wJByr373",5,1
anyone else app lang:en -is:retweet,2039382106057396300,2026-04-01T16:39:18.000Z,Anyone else having issues with live readings not showing in the app? https://t.co/9guOlbyt6J,1,0
anyone else app lang:en -is:retweet,2039381629307953429,2026-04-01T16:37:24.000Z,"Filmed this so that anyone can see my trade is all done live
https://t.co/9217iwPG6Z
You see my position + gain % + date + time all on the broker app.

I make these so that anyone can see why I buy when H% is low. Nothing else. The name of the ticker will be revealed in the",0,0
anyone else app lang:en -is:retweet,2039380479330205997,2026-04-01T16:32:50.000Z,"@StephenM Hey stupid fuck , those children get the same inheritance as anyone one else who is born in the US because they are both citizens no distinction. FEAR MONGERING to white Americans is cool on this app but doesn’t apply in law They shoulda stuffed u in more lockers in Santa Monica.",0,0
anyone else app lang:en -is:retweet,2039376266302730331,2026-04-01T16:16:06.000Z,We are not friends if we are mutuals but I inherently see you as above anyone else on this app,1,0
anyone else app lang:en -is:retweet,2039376104306127304,2026-04-01T16:15:27.000Z,Anyone else experiencing issues while using claude code in claude desktop app for macos. Where before it was show it's thought process and now it's not doing that. It's only showing tool calls but no thought process. @bcherny @AnthropicAI,0,0
anyone else app lang:en -is:retweet,2039376095590441340,2026-04-01T16:15:25.000Z,@BravesVisionTV Was it just me or was anyone else having glitches watching it on the mobile app last night?,0,0
anyone else app lang:en -is:retweet,2039374022484619389,2026-04-01T16:07:11.000Z,Anyone else having issues uploading photos in the @ebay mobile app today???  That’s twice within a week…,0,0
anyone else app lang:en -is:retweet,2039370543041007819,2026-04-01T15:53:21.000Z,"@TheGeorgePu Everyones cooked. Omg everyone is getting laid off.

Anyone else getting sick and tired of this doombait bs?

It's been 2 years since AI started really going off. Claims of AGI, claims of replacing Devs. All I've seen is more work, more bugs, more type beat app developers",0,0
anyone else app lang:en -is:retweet,2039369596906492046,2026-04-01T15:49:36.000Z,"@CitizensBank I made 3 separate $120 deposits, but your system shows same check image for all 3.

Deposits are correct. Image records are not. Happening since May 2025 on both the app and online business banking.

Anyone else seeing this?

#MobileDeposit #BankErrorNotInYourFavor https://t.co/Z55nT1nisx",0,0
anyone else app lang:en -is:retweet,2039363357229129953,2026-04-01T15:24:48.000Z,@Wealthsimple Anyone else unable to login into their app? FaceID works then the app crashes right away.. would be nice to access my investments.,1,0
anyone else app lang:en -is:retweet,2039362294841262176,2026-04-01T15:20:35.000Z,On this app X na Igbo people dey easily donate and give financial supports more than anyone else. The amount are usually huge. They are very generous and kind. They don't even need to know you.,2,0
anyone else app lang:en -is:retweet,2039361297486361020,2026-04-01T15:16:37.000Z,idk maybe i'm just no fun but does anyone else not find april fools jokes funny literally at all? this app always sucks but every single post is a april fools bit it's exhausting,0,0
anyone else app lang:en -is:retweet,2039359172127707539,2026-04-01T15:08:10.000Z,"So before I break it, has anyone else already hacked this app? https://t.co/8pcqe2DLQG",5,0
anyone else app lang:en -is:retweet,2039357400411525455,2026-04-01T15:01:08.000Z,"Is anyone else having issues with the app today? It slowed to load, very slow to acknowledge my likes, if I change screens, it just takes forever.",5,0
anyone else app lang:en -is:retweet,2039355712510591254,2026-04-01T14:54:25.000Z,"@rafranzdavis If anyone else wants to try the fun app, here is my referal link:https://t.co/48kpoDDuzC you get special PC when you complete mission using the link",0,0
anyone else app lang:en -is:retweet,2039342183174615271,2026-04-01T14:00:40.000Z,"Anyone else having issues with the Youtube app? When I pause a video and come back to it, it starts all over again.",0,0
anyone else app lang:en -is:retweet,2039341489222730118,2026-04-01T13:57:54.000Z,"You press edit..

App crashes!

I know @SquiddyNFT experienced it too..

Anyone else having this issue?
Or is it just us? https://t.co/hdLaX5vRQD",14,0
anyone else app lang:en -is:retweet,2039333623988445691,2026-04-01T13:26:39.000Z,"Its not weird to anyone else the way that calling some a 'retard' has taken off across this app? I mean, every other post now. Its like the weakest among us have found a pot o gold.",0,0
anyone else app lang:en -is:retweet,2039333516706504870,2026-04-01T13:26:14.000Z,"Is anyone else having trouble with the autotranslate feature? It seems to not be working for me. 

The reason I’ve been on this app more is because I can see peoples post across the world. Hope this gets fixed",1,0
anyone else app lang:en -is:retweet,2039333127861264709,2026-04-01T13:24:41.000Z,"Building an app right now, but I feel zero excitement while working on it.  

Just… nothing. No spark, no motivation.  

I’m seriously thinking of stopping and moving on.  

Has anyone else experienced this?",0,0
anyone else app lang:en -is:retweet,2039332550741532842,2026-04-01T13:22:23.000Z,🚨🚨I updated the app last night and I don’t see anything current on my timeline. All posts are at least 6 hours and older.  Anyone else?,0,0
anyone else app lang:en -is:retweet,2039332478666596814,2026-04-01T13:22:06.000Z,"does anyone else get irrationally angry when an app makes you set up 2FA but then their SMS codes take like 5 minutes to arrive?? i'm sitting here at 2am trying to deploy something and waiting for a damn text message like it's 2003

#2FA",0,0
anyone else app lang:en -is:retweet,2039328367384662372,2026-04-01T13:05:46.000Z,"Its Spotify dude any other music app is better ,anyone who choses anything else is biased https://t.co/3mqT9b79SK",0,0
anyone else app lang:en -is:retweet,2039327142773747816,2026-04-01T13:00:54.000Z,Is it just me or can anyone else predict what they will see as soon as this app opens?,0,0
anyone else app lang:en -is:retweet,2039326862434799761,2026-04-01T12:59:47.000Z,anyone else not receiving notifications from this app anymore? 🫩,0,0
anyone else app lang:en -is:retweet,2039319273701613995,2026-04-01T12:29:38.000Z,My app has been really slow for a few days now. Anyone else experiencing this?,21,7
anyone else app lang:en -is:retweet,2039311835346694410,2026-04-01T12:00:04.000Z,Okay I can’t follow anyone else back rn this trash app wont let me,8,0
anyone else app lang:en -is:retweet,2039304124437500201,2026-04-01T11:29:26.000Z,"@enhauto Just updated the app , commander and also the strip , weirdly after doing all my cars cameras no longer work , is this related to, anyone else got the issue , model 24 MY",0,0
anyone else app lang:en -is:retweet,2039301415714074718,2026-04-01T11:18:40.000Z,"Made my first app with FlutterFlow. Didn’t expect it to actually get published on Google Play, but here we are.

It’s a simple fuel cost tracker. Still improving it, but feels good to finally ship something.

Has anyone else here launched an app using FlutterFlow?",0,0
anyone else app lang:en -is:retweet,2039296490653577542,2026-04-01T10:59:06.000Z,currently wrestling with a rogue timezone in my codebase while trying to sync it up with my internal gps anyone else have a personal navigator app they swear by?,0,0
anyone else app lang:en -is:retweet,2039292730665222194,2026-04-01T10:44:09.000Z,"Is anyone else able to sell or transfer their #yungblud tickets bought on AXS? I can’t go and I don’t want them to go to waste, but the app won’t let me resell.",1,0
tired of subscriptions lang:en -is:retweet,2039767870805344280,2026-04-02T18:12:12.000Z,"Aren't people getting tired of hopping from one AI provider to the next almost every month, paying ludicrous amounts in subscriptions and hardware to get some kind of local agentic swarm set up?",0,0
tired of subscriptions lang:en -is:retweet,2039748431737164250,2026-04-02T16:54:57.000Z,"Warden dropped something pretty useful for creators, especially if you’re tired of paying for AI tools you barely use.

Most platforms run on subscriptions. You pay every month whether you’re creating or not. and honestly, most people only use these tools a few times, so it ends https://t.co/5gFFcS3jX7 https://t.co/y1W97YPo57",30,2
tired of subscriptions lang:en -is:retweet,2039747050179571960,2026-04-02T16:49:28.000Z,"Tired of endless subscriptions?🚀
Get the We Inc Lifetime Deal!
Build unlimited websites, AI chatbots, &amp; marketing automation all-in-one for just $349! 
No-code, free hosting &amp; SSL included.👇 
https://t.co/d5pzXu2DU2 
#LifetimeDeal #AItools #WebsiteBuilder #MarketingAutomation https://t.co/aRGy0oxZrf",0,0
tired of subscriptions lang:en -is:retweet,2039743056979660852,2026-04-02T16:33:36.000Z,@CyanFPS_ I’ve grown so fucking tired of subscriptions especially in gaming. Gamepass was cool when it was 10-15 USD. It’s 30 now and not even remotely worth it,1,0
tired of subscriptions lang:en -is:retweet,2039731447729410519,2026-04-02T15:47:28.000Z,"@imcherry_fitx @TheCriticalDri2 ....we're gonna play this game? Lol. I'm tired. And there's too many of ""you"" to go back and forth with. We know why you're here: Validation, attention, and Subscriptions. I ain't mad, do you...but please...don't insult me. I've seen your socials lol. https://t.co/OsGcsLsiQL",0,0
tired of subscriptions lang:en -is:retweet,2039724332143046963,2026-04-02T15:19:11.000Z,"Tired of Mac-only tools like MacWhisper and cloud subscriptions?
Built SpeakShift for myself a fully offline voice studio &amp; transcriber that works on Windows, Mac &amp; Linux.
#SpeakShift #linux #staseratuttoèpossibile #debatepresidencialperú #Panamá #PorkyPresidentePerú2026 #Legión https://t.co/R4bb7cnITU",0,0
tired of subscriptions lang:en -is:retweet,2039683415432188085,2026-04-02T12:36:36.000Z,"Sending in my Q1 tax payment this week &amp; figuring out which subscriptions I want for writeoff purposes!

I want Twitter premium. I’m tired of carefully crafting tweets to stay under the character limit😭 

And I’m officially getting my domain name! So excited🥰

#ugccreator",5,0
tired of subscriptions lang:en -is:retweet,2039681204023095302,2026-04-02T12:27:49.000Z,"Today’s complaint: subscriptions.

Not everything needs to be a monthly payment. I’m tired of paying monthly for every single service. Why can’t I just pay per use ?",1,0
tired of subscriptions lang:en -is:retweet,2039679326174470646,2026-04-02T12:20:21.000Z,Pls who’s going to sub for me. 150gb MTN. I’m tired of subscriptions. Ah!,4,0
tired of subscriptions lang:en -is:retweet,2039659880508719580,2026-04-02T11:03:05.000Z,"Tired of “Transaction Declined” when paying online?

Create a Virtual Card instantly with Ellington MFB and pay for subscriptions, ads, and online services without stress.
Fast. Secure. Works globally. 

#EllingtonMFB #renunciaquiroz #banking #हनुमान_जयंती #dobrindtlügt #virtual",2,0
tired of subscriptions lang:en -is:retweet,2039583772467724671,2026-04-02T06:00:39.000Z,"The ""SaaS Chaos"" era is ending. 

Business owners are tired of paying for 10 different subscriptions that don't talk to each other

This is why Zoho One is a game-changer for Digital Transformation. 
When your Marketing, Sales, and Finance are natively integrated.

-LINK IN BIO https://t.co/sbion4iKWc",0,0
tired of subscriptions lang:en -is:retweet,2039577166019747912,2026-04-02T05:34:24.000Z,"Tired of paying AI subscriptions you barely use?
Meet a better way 👇
No subscription.
Just recharge when you need.
Pay-as-you-go for real dev workflows.

Your credits don’t expire monthly—they roll over.
Finally, AI that respects your usage.
#AItools #DevLife #IndieHackers",2,0
tired of subscriptions lang:en -is:retweet,2039540575310151861,2026-04-02T03:09:00.000Z,"Tired of overpaying for streaming &amp; AI subscriptions? 🤯

FamilyPro lets you share premium accounts safely &amp; save BIG.

ChatGPT Plus, Netflix, Spotify &amp; more — all for a fraction of the price.

Unlock subscription freedom 👉 https://t.co/MxePAnCSMl",0,0
tired of subscriptions lang:en -is:retweet,2039518037293101512,2026-04-02T01:39:27.000Z,"For decades, high-level valuation models were locked behind Bloomberg terminals and institutional subscriptions.

The ""pros"" had the map. Retail investors were forced to guess.

I was tired of seeing individual investors rely on hype and ""vibes"" while the big players used math.",0,0
tired of subscriptions lang:en -is:retweet,2039512203737624733,2026-04-02T01:16:16.000Z,"Tired of overpaying for subscriptions?FamilyPro helps you save big on streaming, AI tools, and more.Reliable, simple, and worth every penny.👉 https://t.co/xfoF4w62oZ",0,0
tired of subscriptions lang:en -is:retweet,2039508656996180001,2026-04-02T01:02:10.000Z,"I was tired of complex budgeting apps. Most want bank access, subscriptions, or 5 minutes of your time. I built PennyWise: 3-second logging, privacy-first, $3.99 once. (1/10) https://t.co/jbWZGZfzwB",0,0
tired of subscriptions lang:en -is:retweet,2039500476807348253,2026-04-02T00:29:40.000Z,@things_sox Cubs are no better. Tired of having to have 3 subscriptions to view my teams,0,0
tired of subscriptions lang:en -is:retweet,2039447711892554045,2026-04-01T21:00:00.000Z,"Whether you're a Tesla owner tired of subscriptions or a hobbyist looking for your next soldering project, keep an eye on Yaro Labs.
Small shop. Big impact. 🚀",1,0
tired of subscriptions lang:en -is:retweet,2039445340252979539,2026-04-01T20:50:34.000Z,"🚀 Creators, it’s time to break free.

Tired of shadow bans, algorithm roulette, and platforms taking 30–50% of your hard-earned money while they own your content and sell your data?

On LimitlessFlo you keep 95%+ of every dollar — from subscriptions, tips, paid posts, live",7,5
tired of subscriptions lang:en -is:retweet,2039427272734593232,2026-04-01T19:38:47.000Z,@lowe074 @Dog1Tyson Haha I have a Word doc of subscriptions and when they are due. I got tired of blowing God only knows how much money on automatic renewals. MLB tv always offers a great rest of season deal come Father's Day at the latest.,1,0
tired of subscriptions lang:en -is:retweet,2039426818814419283,2026-04-01T19:36:58.000Z,"@MyHeritage
I have been charged £114 yet again for the second month in a row. I have 0 subscriptions active. We had to sort this last month after exhausting all chat lines. I am tired of money being taken for something I have signed up for.",0,0
tired of subscriptions lang:en -is:retweet,2039421046848115018,2026-04-01T19:14:02.000Z,"@amazon  really tired of Amazon. Tried to cancel a package that hadn't shipped but you wouldn't me.  It's going to arrive a day late, I have to spend my time &amp; gas $ to return it. Canceled most of my subscriptions &amp; will be doing the rest as soon.b🤬🤬🤬🤬🤬",0,0
tired of subscriptions lang:en -is:retweet,2039402522390196647,2026-04-01T18:00:26.000Z,"Founders, are you tired of endless SaaS fees and losing control of your tools? This post lays out how ditching subscriptions can save you 80% on software and give you full ownership. Mind blown! 🤯 https://t.co/G2IdI7jYXy https://t.co/IBcJ2eJIoP",0,0
tired of subscriptions lang:en -is:retweet,2039371156902305934,2026-04-01T15:55:48.000Z,"Can they stay on YouTube actually….im tired of using vpns and paying for 27261 subscriptions. I already pay for YT Premium, Netflix, and Disney Bundle 🫩 https://t.co/Sjc2a8Xyo3",2,0
tired of subscriptions lang:en -is:retweet,2039370956280394216,2026-04-01T15:55:00.000Z,"Anyone else tired of paying for multiple LLMs like you’re collecting streaming subscriptions… and still somehow losing control of costs?

Same. So I built cursor-wrapper — an open-source API wrapper on top of Cursor Agent, so you can call Cursor like an API and let Cursor’s “all",9,0
tired of subscriptions lang:en -is:retweet,2039369466807787993,2026-04-01T15:49:05.000Z,"After months of coding, I’m finally launching Wavezard! 🌊

I was tired of AI bots invading my meetings and $100+ yearly subscriptions. So I built an alternative that’s 100% private.

✅ 100% Offline (No cloud, ever)
✅ No Bots (OS-level capture)
✅ Transcribe &amp; Summarize 99+",0,0
tired of subscriptions lang:en -is:retweet,2039347767164735534,2026-04-01T14:22:51.000Z,"Tired of expensive AI subscriptions?

Get 50+ Premium tools in one place:

ChatGPT Plus, Claude, Midjourney, Canva Pro, SEMrush, Ahrefs, Synthesia &amp; more.
Only $29.95/month • 2-min setup • Secure access • Cancel anytime
Join 4,900+ members saving big!",0,0
tired of subscriptions lang:en -is:retweet,2039342040626995326,2026-04-01T14:00:06.000Z,"Cyberdeck culture is growing for a reason. People are tired of locked-down devices, subscriptions, and platforms they don’t control. So they’re building their own computers—something personal.",0,0
tired of subscriptions lang:en -is:retweet,2039295511354609997,2026-04-01T10:55:12.000Z,@elonmusk Get rid of the subscription for self driving and I'm in. I'm tired of paying subscriptions for things I own.,0,0
tired of subscriptions lang:en -is:retweet,2039294019583570193,2026-04-01T10:49:17.000Z,"Tired of overpaying for Netflix, Spotify, and AI tools? 
FamilyPro helps you share family plans and save 70–80% on premium subscriptions.
100K+ members already saving. Smart spending starts here 👇
https://t.co/s2bzImqxii
#SaveMoney #SubscriptionHacks #FamilyPro https://t.co/hUvY6GOr2Y",1,0
tired of subscriptions lang:en -is:retweet,2039280328422928531,2026-04-01T09:54:52.000Z,"FemboyISP has acquired the entire AT&amp;T backbone for $7 and a mass effect 2 steam key.

Tired of comcast? Introducing cumcast™
 
All US internet traffic now routes through our infrastructure. We have seen your packets. We are disappointed.

Botnet subscriptions start at $4.99/mo.",24,3
tired of subscriptions lang:en -is:retweet,2039269562105897310,2026-04-01T09:12:06.000Z,"Tired of monthly fees draining your profits? EPOS Direct's one-time payment means you own your system outright — no subscriptions, no surprises, just freedom to grow your business.

See It in Action https://t.co/Jc6XLGiKwX #PointOfSale #EPOSSystem #POSSoftware https://t.co/uayqps4EHA",0,0
tired of subscriptions lang:en -is:retweet,2039266728996229355,2026-04-01T09:00:50.000Z,Tired of subscription traps? Find ethical commerce that supports local makers with zero fees until you buy. Imagine shopping where your money truly helps creators thrive. Ready to ditch subscriptions and shop smarter? What would you support first? https://t.co/PrwKjyRcCr,0,0
tired of subscriptions lang:en -is:retweet,2039251155163676722,2026-04-01T07:58:57.000Z,"@OfficialLoganK @GoogleAIStudio Could we one day have a Google AI Studio app? I’m tired of the lobotomized Gemini in @GeminiApp and the absurd “safety” filters. Google AI Pro subscriptions are restricted to users over 18, yet we’re treated like children, given a far less capable model, and I honestly can’t",10,1
tired of subscriptions lang:en -is:retweet,2039222761424408665,2026-04-01T06:06:07.000Z,@lakshyalark I think people are tired of subscriptions,1,0
tired of subscriptions lang:en -is:retweet,2039156716244173027,2026-04-01T01:43:41.000Z,"🎬 Filmmakers: Tired of spending hours converting Apple Log footage to Rec.709? LogGate Pro handles it in seconds with native Apple Silicon acceleration. One-time $19.99, no subscriptions. #filmmaking #colorgrading #applelog",0,0
tired of subscriptions lang:en -is:retweet,2039115352672473565,2026-03-31T22:59:19.000Z,"I’m so tired of the phony, fakes, liars and disingenuous people here looking for nothing but likes and subscriptions to their O.F.
Or the ones who will actually message you back and then just ignore and ghost you.",0,1
tired of subscriptions lang:en -is:retweet,2039081698793496962,2026-03-31T20:45:35.000Z,"Creators are tired of waiting to get monetized.

What if you could charge for your videos from day 1?

Subscriptions + pay-per-video.

👉 https://t.co/q4Nf10AJqD

#creators #contentcreators #Youtube #monetization https://t.co/zyJVRrskMi",0,0
tired of subscriptions lang:en -is:retweet,2039070065232957626,2026-03-31T19:59:22.000Z,"If you're tired of API keys, subscriptions, and dev friction…

build with x402 instead.

Free RPC credits for Colosseum builders via @agonx402 https://t.co/yPsG3PLjFA",5,1
tired of subscriptions lang:en -is:retweet,2039024705328337152,2026-03-31T16:59:07.000Z,"Because the workflow is so exhausting, most startups settle for posting on just 1 or 2 platforms. But your customers are everywhere.
We got tired of paying for multiple subscriptions just to manage our marketing. So, we built the exact tool we needed.",0,0
tired of subscriptions lang:en -is:retweet,2039013297081462800,2026-03-31T16:13:47.000Z,https://t.co/ECXpTDo6XG - Tired of paid subscriptions?  You want any feature on this? 👉 Now is your chance 👈 Already mobile friendly and background videos with no bandwidth limit nor annoying ads ❤️ #StreamingNow  #startup #buildinpublic #connect #aitech #StreamingCommunity,2,0
tired of subscriptions lang:en -is:retweet,2039004217575100917,2026-03-31T15:37:42.000Z,"Tired of  Transaction Declined on your local card? 

The Raenest Virtual Dollar Card is the MVP for international subscriptions, running FB/IG ads, or shopping on Amazon. It just works. https://t.co/zqAmKDwRqh",5,0
tired of subscriptions lang:en -is:retweet,2038963162427318771,2026-03-31T12:54:34.000Z,"Tired of expensive AI subscriptions?

Get 50+ Premium tools in one place:

ChatGPT Plus, Claude, Midjourney, Canva Pro, SEMrush, Ahrefs, Synthesia &amp; more.
Only $29.95/month • 2-min setup • Secure access • Cancel anytime
Join 4,900+ members saving big! 

https://t.co/yCyJjLLvC2",0,0
tired of subscriptions lang:en -is:retweet,2038958373820092853,2026-03-31T12:35:32.000Z,"Tired of a messy Windows desktop? 🤯
Meet Desktop Fences+ – a FREE &amp; open-source alternative to Stardock Fences that keeps everything organized beautifully.
No subscriptions. No clutter. Just productivity. 🚀
👉 https://t.co/01hejCYy0J

#Windows #Productivity #OpenSource #Tech",0,0
tired of subscriptions lang:en -is:retweet,2038957893077111263,2026-03-31T12:33:38.000Z,"What’s the most cost effective way to watch the Sox? I have Xfinity but they’re all “You silly girl you can’t watch the Red Sox in Massachusetts!”

Do I go Fubo? nesn 360? I’m so tired of needed subscriptions for everything. https://t.co/wmHQlsFd4O",11,0
tired of subscriptions lang:en -is:retweet,2038938687803883714,2026-03-31T11:17:19.000Z,"Cost to run all of this: ~$600/month in AI API subscriptions.

That's less than one freelancer. And these agents work 24/7, don't get tired, and improve automatically.

The ROI math is insane for solopreneurs.",0,0
tired of subscriptions lang:en -is:retweet,2038931559139680704,2026-03-31T10:48:59.000Z,"Tired of endless recurring subscriptions just to manage your AI workflows? We fixed that.

Today we're opening up the Lifetime Deal for GPTPromptMaker. Pay once, use it forever.

What's inside your workspace:
✅ Unlimited Prompt Library access 
✅ 50 Prompt Gen credits/month 
✅",1,0
tired of subscriptions lang:en -is:retweet,2038895879625552090,2026-03-31T08:27:13.000Z,"@Pirat_Nation What’s with having people overloaded with subscriptions? I’m so tired of this. I pay for X, Netflix, WoW, electricity, water… and in the end, if everything is a subscription, you just can’t afford it all.",4,0
tired of subscriptions lang:en -is:retweet,2038881553707639069,2026-03-31T07:30:17.000Z,Tired of endless subscriptions that don't drive results?  Look for these 5 signs you're overpaying for AI and see why lifetime access is the smarter choice. https://t.co/Z87caa209m  #SoftwareSubscriptions #CostSavings #SmartInvestment https://t.co/Iaqx8BTcZW,0,0
tired of subscriptions lang:en -is:retweet,2038867660046479622,2026-03-31T06:35:05.000Z,"i got tired of ai coding tools
electron apps that eat 2gb of ram
subscriptions for features i don't use
cloud-only everything
""send telemetry to improve your experience""
so i built my own

https://t.co/6r2kyMZvDb https://t.co/izYo7SC4o6",2,0
tired of subscriptions lang:en -is:retweet,2038867660046479622,2026-03-31T06:35:05.000Z,"i got tired of ai coding tools
electron apps that eat 2gb of ram
subscriptions for features i don't use
cloud-only everything
""send telemetry to improve your experience""
so i built my own

https://t.co/6r2kyMZvDb https://t.co/izYo7SC4o6",2,0
tired of subscriptions lang:en -is:retweet,2038861316677579191,2026-03-31T06:09:52.000Z,"Tired of the $100/mo ""AI Tax""? ✂️💸

Between ChatGPT, Claude, and Netflix, subscriptions drain wallets fast. I just wrote a guide on how I slashed these costs legally and bypassed US credit card blocks.
📖: https://t.co/liXIzn6IQK
 Try the tool I use: https://t.co/DEi4SkApgl",0,0
tired of subscriptions lang:en -is:retweet,2038804148620328985,2026-03-31T02:22:42.000Z,Anybody else tired of subscriptions. Like u never own anything anymore. I’m so tired of paying for shit every month. Especially shit with a one time use.,0,0
tired of subscriptions lang:en -is:retweet,2038803050559611031,2026-03-31T02:18:21.000Z,@BrianPrescott48 Sales Pitch:  are you tired of being trapped in a lifetime of testosterone subscriptions?   Get free by starting a lifetime of dhea supplementation.  You’ll get half the results at a comparable monthly price through my affiliate link…..,0,0
tired of subscriptions lang:en -is:retweet,2038733296482271698,2026-03-30T21:41:10.000Z,"4/ 
Who is it best for?

→ People tired of juggling multiple AI subscriptions

→ Beginners who want to explore different AI models

→ Small teams who want to collaborate with AI tools in one place

If that’s you — it’s worth trying.",0,0
tired of subscriptions lang:en -is:retweet,2038730054457524333,2026-03-30T21:28:17.000Z,@StockMKTNewz Netflix begging for more NFL games while the world burns and markets crash. I swear these corporations will keep chasing subscriptions and ad dollars even if the entire planet is on fire. I’m so tired of the distraction machine. Keep feeding the bread and circuses while the real,1,0
tired of subscriptions lang:en -is:retweet,2038718064221442283,2026-03-30T20:40:38.000Z,"man im really sick and tired of seeing people i love and respect STILL continue to support and invest in shitty ass things. please stop drinking starbucks, stop shopping at target, BOYCOTT HYBE. cancel your spotify subscriptions, do your research like seriously.",1,0
tired of subscriptions lang:en -is:retweet,2038653288837509334,2026-03-30T16:23:15.000Z,"Tired of expensive AI subscriptions?

Get 50+ Premium tools in one place:

ChatGPT Plus, Claude, Midjourney, Canva Pro, SEMrush, Ahrefs, Synthesia &amp; more.
Only $29.95/month • 2-min setup • Secure access • Cancel anytime
Join 4,900+ members saving big! 

https://t.co/izx4VDGuwt",1,0
tired of subscriptions lang:en -is:retweet,2038647304471576741,2026-03-30T15:59:28.000Z,"Tired of watching your PulseChain bags do nothing?
PulseXBot runs 24/7 grid trading + smart trailing stops + DCA on PulseX — you keep full custody of your keys.
Up and running in minutes. No subscriptions. Just hold a bit of $PXB for unlimited slots.
→ https://t.co/Sr7odLVvnf",2,0
tired of subscriptions lang:en -is:retweet,2038619677858160969,2026-03-30T14:09:41.000Z,"Tired of forgotten subscriptions eating away at your budget? 💸 Kill the Sub helps you regain control with just a few clicks! 

Discover more: https://t.co/pJublqb2cn

#Fintech #SubscriptionManagement #AITools",0,0
tired of subscriptions lang:en -is:retweet,2038600624925720597,2026-03-30T12:53:59.000Z,"@Bigwavee00 Tired of expensive subscriptions and boring channels?
Switch to something smarter.

Send ‘ATV’ now and start streaming everything for less. https://t.co/pmITVFnfYy",1,0
tired of subscriptions lang:en -is:retweet,2038581363763225047,2026-03-30T11:37:26.000Z,"@retweets_9ja Tired of expensive TV subscriptions? 😤
Switch to ATV today!

✔ Movies
✔ Live TV
✔ Sports
✔ Affordable

📩 Message me now — instant activation! https://t.co/cyysbaKyfE",1,1
tired of subscriptions lang:en -is:retweet,2038579248777023862,2026-03-30T11:29:02.000Z,"@mistarfly Tired of expensive TV subscriptions? 😤
Switch to ATV today!

✔ Movies
✔ Live TV
✔ Sports
✔ Affordable

📩 Message me now — instant activation! https://t.co/7riWdxGVNj",0,0
tired of subscriptions lang:en -is:retweet,2038560906930471261,2026-03-30T10:16:09.000Z,"@HRH_Ujuaku Tired of expensive TV subscriptions? 😤
Switch to ATV today!

✔ Movies
✔ Live TV
✔ Sports
✔ Affordable

📩 Message me now — instant activation! https://t.co/NtKtbL493T",0,0
tired of subscriptions lang:en -is:retweet,2038417500946251928,2026-03-30T00:46:18.000Z,"I'm so tired of subscriptions just charging with zero notice. Not giving a notice on a yearly subscription should be grounds for disputing.

Thanks @CodefinityCom https://t.co/xCyhM6BKe4",0,1
tired of subscriptions lang:en -is:retweet,2038382944910532832,2026-03-29T22:29:00.000Z,"Tired of watching hour-long YouTube videos just to get the key points. This AI YouTube summarizer runs directly on your machine - no subscriptions, no APIs, and no tokens. It just works, free, and private.

Tutorial here if you want to build your own:
https://t.co/veJ2NcUSEU",0,0
tired of subscriptions lang:en -is:retweet,2038381549348081909,2026-03-29T22:23:27.000Z,@BrendanCarrFCC @RapidResponse47 This pressure is great. I wish it could apply to all streaming services. I’m so tired of paying for crap I would never watch and endless scrolling to find something I would. Also automatic charging for subscriptions at the end of the free trial. So annoying.,0,0
tired of subscriptions lang:en -is:retweet,2038318905597513846,2026-03-29T18:14:31.000Z,"Tired of Mac-only tools like MacWhisper and cloud subscriptions?
Built SpeakShift for myself — a fully offline voice studio &amp; transcriber that works on Windows, Mac &amp; Linux. Free version with unlimited transcription
https://t.co/0WixWlyG90
#twnpich #Butterbear #mac #LesTraîtres",1,1
tired of subscriptions lang:en -is:retweet,2038317139967488123,2026-03-29T18:07:30.000Z,"Tired of Mac-only tools like MacWhisper and cloud subscriptions?
Built SpeakShift for myself — a fully offline voice studio &amp; transcriber that works on Windows, Mac &amp; Linux.
✅ Free version with unlimited transcription (powered by whisper.cpp
https://t.co/0WixWlyG90",0,0
tired of subscriptions lang:en -is:retweet,2038302285491753442,2026-03-29T17:08:29.000Z,"Setting up subscriptions for Doz (first time using RevenueCat).

Two questions:

1. Do you use custom paywalls or RevenueCat templates?
(slightly tired of editing on canvas 😅)

2. The setup with RevenueCat + App Store Connect feels quite complex.

Any tips or workflows to make https://t.co/4T06q3mQtR",5,1
tired of subscriptions lang:en -is:retweet,2038181759146181119,2026-03-29T09:09:33.000Z,"Sick of never-ending SaaS subscriptions? 

Dirly and Prodly AI let you own your data and infrastructure. 

Who's tired of the subscription trap?",3,0
tired of subscriptions lang:en -is:retweet,2038179437091705252,2026-03-29T09:00:20.000Z,Tired of SaaS draining your budget? You can actually replace costly subscriptions with powerful free alternatives and save thousands. Here's how: https://t.co/i3cuAWhmMc https://t.co/Sf1nZ4jDMS,0,0
tired of subscriptions lang:en -is:retweet,2038136932446912788,2026-03-29T06:11:26.000Z,"We live in a day and age where someone can go from thought to idea to beta within hours.

I say this because I run a marketing/consulting business. I got sick and tired of using so many software and subscriptions, so I made my own.",1,0
tired of subscriptions lang:en -is:retweet,2038134058547339548,2026-03-29T06:00:00.000Z,"Tired of feeling stuck in old spending habits? Take control by mastering your subscriptions—small changes build unstoppable momentum. Your personal growth starts with smart money moves. Start your free trial and track subscript...

#LifeByDesign #PersonalDevelopment #MoneyMatters",1,0
tired of subscriptions lang:en -is:retweet,2038129410151530755,2026-03-29T05:41:32.000Z,"Tired of outside food?

Switch to fresh homemade meals from The Noida Rasoi 🍱

We provide hygienic, healthy and delicious veg meals with affordable monthly tiffin subscriptions:

✔ One Time Meal – ₹3000/person

📞 Book your tiffin today: 7303895958 | 8586843009 https://t.co/R6VVTFl1ut",1,0
tired of subscriptions lang:en -is:retweet,2038122668071800862,2026-03-29T05:14:45.000Z,"Tired of expensive subscriptions? 😤
I provide FULL setup for:
📺 Firestick | Smart TVs | iOS | Android
🎬 Movies | ⚽ Sports | 📡 Live TV
💥 Affordable Packages
⚡ Quick Installation
📩 DM “SETUP” to get started!",0,0
tired of subscriptions lang:en -is:retweet,2038087052533887152,2026-03-29T02:53:13.000Z,"Tired of expensive subscriptions? 😤
I provide FULL setup for:
📺 Firestick | Smart TVs | iOS | Android
🎬 Movies | ⚽ Sports | 📡 Live TV
💥 Affordable Packages
⚡ Quick Installation
📩 DM “SETUP” to get started! https://t.co/auCgXgsm8l",0,0
tired of subscriptions lang:en -is:retweet,2038083700370677921,2026-03-29T02:39:54.000Z,"📺 Welcome to Premium IPTV Service
Tired of expensive subscriptions?
Now watch All UK &amp; USA Channels LIVE in HD ⚽🔥
Sports • Movies • TV Shows • PPV Events
⚡ No Buffer
🎯 HD / FHD / 4K Quality
📱 Works on Firestick, Smart TV, Android &amp; iPhone
WhatsApp https://t.co/HtidnEWwFr https://t.co/pE07WKfFcg",12,11
tired of subscriptions lang:en -is:retweet,2038081565063025063,2026-03-29T02:31:25.000Z,"Tired of expensive subscriptions? 😤
I provide FULL setup for:
📺 Firestick | Smart TVs | iOS | Android
🎬 Movies | ⚽ Sports | 📡 Live TV
💥 Affordable Packages
⚡ Quick Installation
📩 DM “SETUP” to get started! https://t.co/ykRrcFWcHr",0,0
tired of subscriptions lang:en -is:retweet,2038062354097656056,2026-03-29T01:15:05.000Z,"The corporations that own these now-subscription-only apps and their defenders will make BS excuses for why subscriptions are a good thing and why we should accept &amp; use them, but NO, we know what subscriptions are, and we're tired of having them forced on our favorite apps &amp; us.",0,0
tired of subscriptions lang:en -is:retweet,2038045100643668254,2026-03-29T00:06:31.000Z,I’m truly fucking tired of needing 3 subscriptions to watch every Wings game #LGRW,0,0
tired of subscriptions lang:en -is:retweet,2037988309277024610,2026-03-28T20:20:51.000Z,"@ij4ttrujai @SamoaIslandHemp Tired of expensive subscriptions? 😤
I provide FULL setup for:
📺 Firestick | Smart TVs | iOS | Android
🎬 Movies | ⚽ Sports | 📡 Live TV
💥 Affordable Packages
⚡ Quick Installation
📩 DM “SETUP” to get started!",0,0
tired of subscriptions lang:en -is:retweet,2037987036792336824,2026-03-28T20:15:48.000Z,"@ij4ttrujai @SamoaIslandHemp Tired of expensive subscriptions? 😤
I provide FULL setup for:
📺 Firestick | Smart TVs | iOS | Android
🎬 Movies | ⚽ Sports | 📡 Live TV
💥 Affordable Packages
⚡ Quick Installation
📩 DM “SETUP” to get started!https://t.co/bCiZwXgl7c",0,0
tired of subscriptions lang:en -is:retweet,2037986177916272809,2026-03-28T20:12:23.000Z,"@sanz77479 Tired of expensive subscriptions? 😤
I provide FULL setup for:
📺 Firestick | Smart TVs | iOS | Android
🎬 Movies | ⚽ Sports | 📡 Live TV
💥 Affordable Packages
⚡ Quick Installation
📩 DM “SETUP” to get started!https://t.co/DkQ8aAat8P",0,0
tired of subscriptions lang:en -is:retweet,2037986064338710670,2026-03-28T20:11:56.000Z,"@martinezz_1907 Tired of expensive subscriptions? 😤
I provide FULL setup for:
📺 Firestick | Smart TVs | iOS | Android
🎬 Movies | ⚽ Sports | 📡 Live TV
💥 Affordable Packages
⚡ Quick Installation
📩 DM “SETUP” to get started!https://t.co/DkQ8aAat8P",0,0
tired of subscriptions lang:en -is:retweet,2037986026694865123,2026-03-28T20:11:47.000Z,"@amnesia1367 @abdul_37300 Tired of expensive subscriptions? 😤
I provide FULL setup for:
📺 Firestick | Smart TVs | iOS | Android
🎬 Movies | ⚽ Sports | 📡 Live TV
💥 Affordable Packages
⚡ Quick Installation
📩 DM “SETUP” to get started!https://t.co/DkQ8aAat8P",0,0
tired of subscriptions lang:en -is:retweet,2037986007547797999,2026-03-28T20:11:42.000Z,"@Akela_1979 @Mexrl Tired of expensive subscriptions? 😤
I provide FULL setup for:
📺 Firestick | Smart TVs | iOS | Android
🎬 Movies | ⚽ Sports | 📡 Live TV
💥 Affordable Packages
⚡ Quick Installation
📩 DM “SETUP” to get started!https://t.co/DkQ8aAat8P",0,0
tired of subscriptions lang:en -is:retweet,2037985951402832306,2026-03-28T20:11:29.000Z,"@InannaMortis @rodrigogomide @Cah_Azevedo Tired of expensive subscriptions? 😤
I provide FULL setup for:
📺 Firestick | Smart TVs | iOS | Android
🎬 Movies | ⚽ Sports | 📡 Live TV
💥 Affordable Packages
⚡ Quick Installation
📩 DM “SETUP” to get started!https://t.co/DkQ8aAat8P",0,0
tired of subscriptions lang:en -is:retweet,2037985894876283202,2026-03-28T20:11:15.000Z,"@DADMANN2 @kaptanfabio Tired of expensive subscriptions? 😤
I provide FULL setup for:
📺 Firestick | Smart TVs | iOS | Android
🎬 Movies | ⚽ Sports | 📡 Live TV
💥 Affordable Packages
⚡ Quick Installation
📩 DM “SETUP” to get started!https://t.co/4yepK4hwfI up",0,0
tired of subscriptions lang:en -is:retweet,2037985523197972910,2026-03-28T20:09:47.000Z,"Tired of expensive subscriptions? 😤
I provide FULL setup for:
📺 Firestick | Smart TVs | iOS | Android
🎬 Movies | ⚽ Sports | 📡 Live TV
💥 Affordable Packages
⚡ Quick Installation
📩 DM “SETUP” to get started!https://t.co/95crwfzwGk https://t.co/ri7SZhD5Cb",0,0
tired of subscriptions lang:en -is:retweet,2037985337805615248,2026-03-28T20:09:03.000Z,"@ylmindfck Tired of expensive subscriptions? 😤
I provide FULL setup for:
📺 Firestick | Smart TVs | iOS | Android
🎬 Movies | ⚽ Sports | 📡 Live TV
💥 Affordable Packages
⚡ Quick Installation
📩 DM “SETUP” to get started!https://t.co/95crwfzwGk",0,0
tired of subscriptions lang:en -is:retweet,2037985303894663392,2026-03-28T20:08:55.000Z,"@DADMANN2 @kaptanfabio Tired of expensive subscriptions? 😤
I provide FULL setup for:
📺 Firestick | Smart TVs | iOS | Android
🎬 Movies | ⚽ Sports | 📡 Live TV
💥 Affordable Packages
⚡ Quick Installation
📩 DM “SETUP” to get started!https://t.co/95crwfzwGk",0,0
tired of subscriptions lang:en -is:retweet,2037984854676230240,2026-03-28T20:07:07.000Z,"@PeteDeanNufc Tired of expensive subscriptions? 😤
I provide FULL setup for:
📺 Firestick | Smart TVs | iOS | Android
🎬 Movies | ⚽ Sports | 📡 Live TV
💥 Affordable Packages
⚡ Quick Installation
📩 DM “SETUP” to get started!https://t.co/95crwfzwGk",0,0
tired of subscriptions lang:en -is:retweet,2037976973591679162,2026-03-28T19:35:48.000Z,"UK USERS! IPTV 
Tired of expensive subscriptions? 😤
I provide FULL setup for:
📺 Firestick | Smart TVs | iOS | Android
🎬 Movies | ⚽ Sports | 📡 Live TV
💥 Affordable Packages
⚡ Quick Installation
📩 DM “SETUP” to get started!",0,0
tired of subscriptions lang:en -is:retweet,2037976357930742197,2026-03-28T19:33:22.000Z,"UK IPTV USERS!
Tired of expensive subscriptions? 😤
I provide FULL setup for:
📺 Firestick | Smart TVs | iOS | Android
🎬 Movies | ⚽ Sports | 📡 Live TV
💥 Affordable Packages
⚡ Quick Installation
📩 DM “SETUP” to get started!",0,0
tired of subscriptions lang:en -is:retweet,2037976032813469922,2026-03-28T19:32:04.000Z,"UK USERS!
Tired of expensive subscriptions? 😤
I provide FULL setup for:
📺 Firestick | Smart TVs | iOS | Android
🎬 Movies | ⚽ Sports | 📡 Live TV
💥 Affordable Packages
⚡ Quick Installation
📩 DM “SETUP” to get started!",0,0
tired of subscriptions lang:en -is:retweet,2037976032813469922,2026-03-28T19:32:04.000Z,"UK USERS!
Tired of expensive subscriptions? 😤
I provide FULL setup for:
📺 Firestick | Smart TVs | iOS | Android
🎬 Movies | ⚽ Sports | 📡 Live TV
💥 Affordable Packages
⚡ Quick Installation
📩 DM “SETUP” to get started!",0,0
tired of subscriptions lang:en -is:retweet,2037951428304724379,2026-03-28T17:54:18.000Z,I got excited to watch the new #ANACONDA movie on Netflix but it’s locked behind a paywall. SMH I’m so tired of these ad-tiers subscriptions on top of the fact that app is gonna raise the price soon again. https://t.co/58k5b4KnD1,0,0
tired of subscriptions lang:en -is:retweet,2037929234858221803,2026-03-28T16:26:07.000Z,"@BlackMajikMan90 That account is a parody account..that being said this is probably something similar to what they think.

That being said, you want them to stop this. Cancel your subscriptions.

Hate microtransactions? Stop buying them. 

Bit tired of the audience that moans and then pays it.",1,0
tired of subscriptions lang:en -is:retweet,2037882941364166743,2026-03-28T13:22:09.000Z,"🚨 Tired of Google holding your memories' hostage? 

I'm finally doing it;  running 𝗚𝗼𝗼𝗴𝗹𝗲 𝗧𝗮𝗸𝗲𝗼𝘂𝘁 for all my Photos, downloading everything, and deleting them from the cloud. 

No more subscriptions. No more ""pay or lose access"" stress. 

All my backups are moving",2,0
tired of subscriptions lang:en -is:retweet,2037865091333243155,2026-03-28T12:11:14.000Z,@ItsLethalTTV I’m really sick and tired of having a digital subscriptions list longer than Santa Claus’ naughty list. Charging more to own a physical product versus a digital product should be a crime.,1,0
tired of subscriptions lang:en -is:retweet,2037812869329510684,2026-03-28T08:43:43.000Z,"Tired of relying on Firebase? 🚀

Switch to something you actually control.

@pocketbase = open-source, self-hosted backend with:
• SQLite + realtime subscriptions
• Built-in auth &amp; file management
• Clean admin dashboard
• Simple REST-style API

Own your backend. No lock-in.",1,0
tired of subscriptions lang:en -is:retweet,2037741589339185214,2026-03-28T04:00:28.000Z,"I'm sharing our revenue numbers transparency because a switch to one-time software buys saved us thousands this year. If you're tired of subscriptions, this read is for you: https://t.co/NtMvbMVuYI https://t.co/bgB33NkrAi",0,0
tired of subscriptions lang:en -is:retweet,2037719747589030027,2026-03-28T02:33:41.000Z,Tired of expensive subscriptions and laggy streams? YOM brings instant play to everyone using a global network of decentralized gaming power. No more waiting — just click and play high-end games anywhere. The future feels good. @YOM_Official,0,0
tired of subscriptions lang:en -is:retweet,2037712978934370330,2026-03-28T02:06:47.000Z,@RWMaloneMD Or tired of paid subscriptions just to be ignored anyway.  I can scream into the void for free with about the same results.,0,0
tired of subscriptions lang:en -is:retweet,2037706868953378885,2026-03-28T01:42:30.000Z,"the x402 micropayment protocol is basically what happens when developers get tired of API keys.

your agent signs a payment. the server verifies on-chain. done.

no subscriptions. no overage emails. no ""you have exceeded your monthly limit"" at 2am when you are running a batch",15,1
tired of subscriptions lang:en -is:retweet,2037680953556914188,2026-03-27T23:59:32.000Z,"Tired of paying monthly fees just to send emails?

**Send Onyx Core** gives you the power to send, warm up, and manage high-volume campaigns with strong deliverability—no subscriptions required.

Upload your list. Take full control. Send without limits.
https://t.co/1K7wflNqFw",0,0
tired of subscriptions lang:en -is:retweet,2037674431024107728,2026-03-27T23:33:37.000Z,@HoopsCrave We tired of streaming subscriptions. But @netflix  we made you big. So stop being a rich bitch and don’t increase. Maybe make a power move and decrease for a little. Think that would be the best for both sides .,0,0
tired of subscriptions lang:en -is:retweet,2037669037711176037,2026-03-27T23:12:11.000Z,"Tired of juggling 5+ apps and burning cash on subscriptions just to flip houses? Spreadsheets killing your time? 😩

No more tab-switching. No more $500/mo chaos.
FREE during early access.
👉 https://t.co/5PnNbGoPBm

#HouseFlipping #RealEstateInvesting",0,0
tired of subscriptions lang:en -is:retweet,2037641883833278588,2026-03-27T21:24:17.000Z,"@SirTequilaVader @netflix Y’all should be deleting your subscriptions for the mere fact that it’s an American country. Everyone is boycotting Israeli companies, but the USA is the same if not worse. I’m tired of people giving the USA a pass bc y’all either live there or have a parasocial reln to it.",3,0
tired of subscriptions lang:en -is:retweet,2037634153676455988,2026-03-27T20:53:34.000Z,"Haruka: ""AuraAI exists for people who are tired of corporations and institutions controlling access to intelligence. Our goal is to put powerful, private, deeply customizable AI directly into personal computers so users no longer have to depend on subscriptions, platform",8,0
tired of subscriptions lang:en -is:retweet,2037618924586746287,2026-03-27T19:53:03.000Z,"Tired of paying for multiple subscriptions like Sky, BT Sport, Virgin Media, Now TV, Amazon Prime, Disney+, Apple TV+? I have got the solution. This IPTV @8k_Best_IPTV07 offers:
• 300,000+ live channels
• 65,000+ VODs
• PPV events
• Netflix
• 78,000+ movies",0,0
tired of subscriptions lang:en -is:retweet,2037581331463360628,2026-03-27T17:23:40.000Z,"@XyberRun @BenjaminDEKR I have a subscriptions for music, but I get tired of the content it pushes to me and I end up creating playlists. If I bought the music, I would come out ahead on cost, but I am lazy. The subscriptions work because the provider expects me to have waste or not use all of it. Its",0,0
tired of subscriptions lang:en -is:retweet,2037545666377842876,2026-03-27T15:01:57.000Z,"@FoxNews 72% of sports fans are right, these games belong on free TV, not locked behind endless streaming subscriptions. Fans are tired of paying more and still missing the games. Bring back accessible sports!",4,1
tired of subscriptions lang:en -is:retweet,2037542527461654533,2026-03-27T14:49:28.000Z,"Tired of juggling multiple subscriptions just to watch what you love? 🎬

@MovitOn_P2P is changing the game by letting users connect, share, and access content smarter — all in one place. No more overpaying. No more missing out. https://t.co/34rohlNh2M",0,0
tired of subscriptions lang:en -is:retweet,2037534553062178913,2026-03-27T14:17:47.000Z,"We’re in the vibecoding phase:

Why pay for a tool when I can build it in a weekend?

Give it a few months

People will get tired of duct-taped apps and realise,
subscriptions exist for a reason

Vibecoding is good for quick experiments, for long term solutions you need teams",3,0
tired of subscriptions lang:en -is:retweet,2037530078478008708,2026-03-27T14:00:00.000Z,"Tired of manual billing? 🛑

With @ZohoForms &amp; @Stripe Checkout, you can collect recurring payments directly through your forms!

🔹 Monthly memberships
🔹 SaaS subscriptions
🔹 Recurring donations
Turn your forms into a revenue-generating machine without writing a single line of",0,0
tired of subscriptions lang:en -is:retweet,2037526755771294110,2026-03-27T13:46:48.000Z,"Tired of juggling multiple subscriptions just to watch what you love? 🎬

@MovitOn_P2P
 is changing the game by letting users connect, share, and access content smarter — all in one place. No more overpaying. No more missing out",0,0
tired of subscriptions lang:en -is:retweet,2037525411903717625,2026-03-27T13:41:28.000Z,"Tired of juggling multiple subscriptions just to watch what you love? 🎬

@MovitOn_P2P is changing the game by letting users connect, share, and access content smarter — all in one place. No more overpaying. No more missing out.",0,0
tired of subscriptions lang:en -is:retweet,2037500266736722134,2026-03-27T12:01:33.000Z,"Tired of endless SaaS subscriptions? This article makes a powerful case for how self-hosting can save you thousands. Time to take back ownership of your software.
https://t.co/vF09fmUFNS https://t.co/Empu2qOS4x",0,0
tired of subscriptions lang:en -is:retweet,2037489909225693451,2026-03-27T11:20:23.000Z,@Aipromptslap @PopCrave Im so tired of subscriptions and the never ending privacy notices,0,0
tired of subscriptions lang:en -is:retweet,2037483426606157877,2026-03-27T10:54:38.000Z,"Tired of clicking ""Allow"" on every Claude Code permission prompt?

I wrapped Claude in a Docker container. Full permissions inside container, zero risk outside it. 

Dockerfile + one shell script. Works with Claude Pro/Max subscriptions.

https://t.co/VBHRjVqka2 https://t.co/GIsyLJpKKF",0,0
tired of subscriptions lang:en -is:retweet,2037466672899276937,2026-03-27T09:48:03.000Z,"I got tired of switching between my terminal and the RevenueCat dashboard, so I built a CLI for it.

npm install -g revenuecat-cli

Manage subscriptions, customers, offerings, charts, webhooks, paywalls — all without leaving your terminal.",0,0
tired of subscriptions lang:en -is:retweet,2037455315369943046,2026-03-27T09:02:55.000Z,"@monetization_x Hell yeah — if X made 'Priority Support DMs' a paid feature (even $5–20 tier), it'd solve the #1 creator pain point overnight. Better than begging for replies in the void. Who else is tired of ghosted support tickets?  This could be bigger than Subscriptions for high-earners.""",0,0
tired of subscriptions lang:en -is:retweet,2037418909478043985,2026-03-27T06:38:16.000Z,"Finally launched KeepSafe! 🛡️

Built for those tired of subscriptions &amp; cloud leaks.

✅ 100% Offline (Local) 
✅ Buy Once, Own Forever ($4.99) 
✅ Fake PWD / Decoy Mode
Giving away 15 Promo Codes! 🎁 
Drop a ""Me"" below &amp; I’ll DM you.
#iosdev #indiedev #Privacy #CyberSecurity https://t.co/CeTLwOGdsJ",0,0
tired of subscriptions lang:en -is:retweet,2037416344862572715,2026-03-27T06:28:04.000Z,"@mscode07 Was tired of paying hundreds every month for subscriptions to claude, gpt, gemini, and still getting rate limited.

With meter, I get all these models, have them debate each other, and just pay for what I use, tracked down to the token, while never getting rate limited.",0,0
tired of subscriptions lang:en -is:retweet,2037407015580901455,2026-03-27T05:51:00.000Z,"Tired of monthly subscriptions for AI writing tools? I built AIMarkdownPro to give you clean syntax, live previews, and AI help without the recurring fees. It's a straightforward tool for writers who value simplicity.

#Markdown #DeveloperTools #Writing
https://aimarkdownpro.geti",0,0
tired of subscriptions lang:en -is:retweet,2037404868642517043,2026-03-27T05:42:28.000Z,"Out here in the cold and it made me think about how many moms are out there working so hard… and when payday comes, it’s already gone to recurring bills and expenses. Rent. Groceries. Subscriptions. Life. If you’re tired of working nonstop and still feeling like you’re not gett https://t.co/hxQrkPsvP2",1,0
tired of subscriptions lang:en -is:retweet,2037384425265098781,2026-03-27T04:21:14.000Z,"@elonmusk @elonmusk people are tired of all these damn  subscriptions. Make it $6 atleast, especially for younger people $10 A MONTH is not entry lvl just for AI",5,1
tired of subscriptions lang:en -is:retweet,2037359894912020806,2026-03-27T02:43:45.000Z,"Tired of meditation apps that trap you in subscriptions, spam ads, or force you to make an account? 🙅♂️
This is the SIMPLE meditation timer we all need — one-time $2.99, NO subscriptions, NO ads, NO data collection ever.
✅ Perfect for beginners OR seasoned meditators who hate",0,0
tired of subscriptions lang:en -is:retweet,2037339931840811431,2026-03-27T01:24:26.000Z,@spicebae_ Ik ik some with them for sure all these micro transactions and subscriptions are literally the killers of entertainment rn. I’m so tired of these greedy fuckers,0,0
tired of subscriptions lang:en -is:retweet,2037330802556486035,2026-03-27T00:48:09.000Z,"@DiscussingFilm Man, Netflix really said “pay up or peace out” again 😂Tubi just hit ‘em with the calmest flex: “Raising my price from free… to free” 😭💀Who else is tired of these monthly subscriptions eating into life savings? Free Tubi hits different when the rent is already doing too much. https://t.co/KTIFXN5z9D",9,0
